Series Name,Series Code,Country Name,Country Code,2019 [YR2019],2020 [YR2020],2021 [YR2021],2022 [YR2022],2023 [YR2023],2024 [YR2024]
GDP (current US$),NY.GDP.MKTP.CD,Afghanistan,AFG,18799444490.1128,19955929052.1496,14259995441.0759,14497243872.1337,17152234636.8715,..
GDP (current US$),NY.GDP.MKTP.CD,Albania,ALB,15585111614.0376,15241458744.5927,18031989573.0294,19017247013.8821,23491242727.4082,27046429296.6673
GDP (current US$),NY.GDP.MKTP.CD,Algeria,DZA,193459662090.677,164873415325.201,186231205262.082,225581644702.568,247923887214.655,269322281664.773
GDP (current US$),NY.GDP.MKTP.CD,American Samoa,ASM,647000000,721000000,750000000,871000000,..,..
GDP (current US$),NY.GDP.MKTP.CD,Andorra,AND,3155150255.91195,2891002460.29153,3324648075.56293,3380611694.73392,3785065524.84754,4039842405.48117
GDP (current US$),NY.GDP.MKTP.CD,Angola,AGO,80734428592.5368,58852456453.8769,79559543805.2963,131212208930.344,107167747140.127,100998916781.079
GDP (current US$),NY.GDP.MKTP.CD,Antigua and Barbuda,ATG,1726448148.14815,1411637037.03704,1602125925.92593,1866566666.66667,2005785185.18518,2207622874.07407
GDP (current US$),NY.GDP.MKTP.CD,Argentina,ARG,447754683615.225,385740508436.965,486564085480.036,633993756301.08,649461687959.174,638365455340.04
GDP (current US$),NY.GDP.MKTP.CD,Armenia,ARM,13619290539.2116,12641698583.2152,13878908628.9378,19513506553.1251,24185982215.6543,25955275380.0321
GDP (current US$),NY.GDP.MKTP.CD,Aruba,ABW,3346623191.45988,2471419181.71957,2880902798.92288,3324034443.26581,3834729616.12027,4265650673.00236
GDP (current US$),NY.GDP.MKTP.CD,Australia,AUS,1398349602956.35,1333336461648.09,1560617493202.69,1695627535475.8,1734451264655.6,1757022451652.83
GDP (current US$),NY.GDP.MKTP.CD,Austria,AUT,442983642371.842,434397601557.696,480466363176.806,473221298968.216,516670509628.876,534790720466.822
GDP (current US$),NY.GDP.MKTP.CD,Azerbaijan,AZE,48174235294.1176,42693000000,54825411764.7059,78807470588.2353,72428470588.2353,74315882352.9412
GDP (current US$),NY.GDP.MKTP.CD,"Bahamas, The",BHS,13277000000,10363200000,12037000000,13896800000,15271300000,15832800000
GDP (current US$),NY.GDP.MKTP.CD,Bahrain,BHR,40446808510.6383,35837632978.7234,40840212765.9574,46458191489.3617,46192260638.2979,47109734308.5106
GDP (current US$),NY.GDP.MKTP.CD,Bangladesh,BGD,351231654603.692,373979442362.193,416271647911.014,460131689083.083,437415333018.291,450119432068.852
GDP (current US$),NY.GDP.MKTP.CD,Barbados,BRB,6161850000,5407050000,5947550000,6884900000,7223250000,7498050000
GDP (current US$),NY.GDP.MKTP.CD,Belarus,BLR,64410170653.4569,61371673344.7424,69673747131.87,73775179924.603,72478760370.4258,75961865471.9129
GDP (current US$),NY.GDP.MKTP.CD,Belgium,BEL,536726344405.489,529694473501.791,598522422241.851,591085783326.267,651330595110.011,671370081636.406
GDP (current US$),NY.GDP.MKTP.CD,Belize,BLZ,2381187850,2047284600,2428606250,2846604350,3052362650,3203631800
GDP (current US$),NY.GDP.MKTP.CD,Benin,BEN,14391686313.4641,15686741883.934,17687623530.3355,17425405090.862,19673291004.1444,21482643706.4249
GDP (current US$),NY.GDP.MKTP.CD,Bermuda,BMU,7423465000,6887364000,7290037000,7874381000,8579242000,9233600000
GDP (current US$),NY.GDP.MKTP.CD,Bhutan,BTN,2735683570.46155,2457604333.90927,2768802960.11204,2898227743.75576,3012896789.24928,..
GDP (current US$),NY.GDP.MKTP.CD,Bolivia,BOL,49056643589.0014,42313784081.042,47877892402.3155,50959081953.6903,52340206946.4544,54881327452.9667
GDP (current US$),NY.GDP.MKTP.CD,Bosnia and Herzegovina,BIH,20482608984.3316,20226038369.9191,23672712121.2671,24534663636.1778,27592361498.4057,29613572022.8993
GDP (current US$),NY.GDP.MKTP.CD,Botswana,BWA,16725908148.5481,14960251607.8135,18750182236.2211,20321150599.1523,19411266967.1044,19402063512.9066
GDP (current US$),NY.GDP.MKTP.CD,Brazil,BRA,1873288158838.63,1476107292151.95,1670647464062.96,1951923832083.87,2191131869706.02,2185821648943.86
GDP (current US$),NY.GDP.MKTP.CD,British Virgin Islands,VGB,..,..,..,..,..,..
GDP (current US$),NY.GDP.MKTP.CD,Brunei Darussalam,BRN,13469235364.7032,12005799653.9835,14006496617.4458,16681536466.7183,15095084656.1634,15340808592.48
GDP (current US$),NY.GDP.MKTP.CD,Bulgaria,BGR,68507731353.9114,70486877546.4901,84374613233.36,90506153293.6733,102199231384.542,113343355779.985
GDP (current US$),NY.GDP.MKTP.CD,Burkina Faso,BFA,16032813503.3707,17725010532.5268,19697516284.3787,18622421394.6133,20112614449.2039,23124729853.0218
GDP (current US$),NY.GDP.MKTP.CD,Burundi,BDI,2871555326.31029,3227847281.31544,3435598072.7935,4036192552.88879,3430949249.91221,3082433067.32634
GDP (current US$),NY.GDP.MKTP.CD,Cabo Verde,CPV,2252177124.32402,1821565613.68613,2051842618.70539,2247003344.34242,2504525548.71164,2725414150.72735
GDP (current US$),NY.GDP.MKTP.CD,Cambodia,KHM,36685356407.7206,34818073901.4851,36790163687.4421,39994532959.6074,42335646895.7984,46352647037.2406
GDP (current US$),NY.GDP.MKTP.CD,Cameroon,CMR,39667757527.6578,40773241177.0505,45011937346.8384,44347206072.5513,48814501547.4313,53296694320.2057
GDP (current US$),NY.GDP.MKTP.CD,Canada,CAN,1743725183672.52,1655684730000.19,2022378748423.23,2190411080134.32,2173339670064.33,2243636826633.76
GDP (current US$),NY.GDP.MKTP.CD,Cayman Islands,CYM,5941896599.57333,5655357984.24218,6060813808.15072,6660161212.01997,7241244269.45972,..
GDP (current US$),NY.GDP.MKTP.CD,Central African Republic,CAF,2221301351.43918,2326720900.38047,2516498412.46384,2382618615.01694,2555492085.94725,2751494281.06887
GDP (current US$),NY.GDP.MKTP.CD,Chad,TCD,14905517742.8454,14932897821.2387,16871937697.5854,17828508289.6049,18340233748.8805,19518819751.283
GDP (current US$),NY.GDP.MKTP.CD,Channel Islands,CHI,10031864649.0819,9439810769.23077,11157540109.8939,11308272505.183,12507320838.3932,..
GDP (current US$),NY.GDP.MKTP.CD,Chile,CHL,278285058719.466,254042159309.311,315325547162.072,301226575540.242,335518054097.637,330267137371.592
GDP (current US$),NY.GDP.MKTP.CD,China,CHN,14560167101283.4,14996414166715.1,18201698719564,18316765021690.2,18270356654533.2,18743803170827.2
GDP (current US$),NY.GDP.MKTP.CD,Colombia,COL,323031701192.84,270348342541.465,318524633225.395,345632492851.448,366291836137.916,418818154879.271
GDP (current US$),NY.GDP.MKTP.CD,Comoros,COM,1187915408.87243,1218763671.26563,1272238390.85864,1222485532.31976,1326836543.00797,1440991455.45188
GDP (current US$),NY.GDP.MKTP.CD,"Congo, Dem. Rep.",COD,46845900350.0332,46691989748.9186,59067289573.5102,70422346142.2023,69843655425.2929,70962185790.7094
GDP (current US$),NY.GDP.MKTP.CD,"Congo, Rep.",COG,13976637779.9763,11468687464.0046,14825690210.9157,15817030154.6941,15321055822.5167,15719986076.6464
GDP (current US$),NY.GDP.MKTP.CD,Costa Rica,CRI,64417670521.3545,62395610760.0492,64960725734.1965,69243626028.5936,86497941439.0174,95350423176.5962
GDP (current US$),NY.GDP.MKTP.CD,Cote d'Ivoire,CIV,60382894697.3557,63027852805.4204,72794636653.7793,70922824813.9102,80780312569.1646,87113179149.284
GDP (current US$),NY.GDP.MKTP.CD,Croatia,HRV,61466721186.3116,57959843541.3699,69002365163.3368,71196498671.1145,85624153964.0987,92983810328.9088
GDP (current US$),NY.GDP.MKTP.CD,Cuba,CUB,103427600000,107352000000,..,..,..,..
GDP (current US$),NY.GDP.MKTP.CD,Curacao,CUW,3026124115.73275,2534327592.49914,2739594359.5908,3075180834.72417,3281419347.37053,3561178196.20713
GDP (current US$),NY.GDP.MKTP.CD,Cyprus,CYP,26196667099.5303,25555093854.2968,30372642502.4897,31218038929.0919,35075423857.0996,37634533331.8902
GDP (current US$),NY.GDP.MKTP.CD,Czechia,CZE,256794209028.77,251109660602.536,290972714482.313,301831228325.556,345059295659.911,347034062928.479
GDP (current US$),NY.GDP.MKTP.CD,Denmark,DNK,345401473012.615,355631021931.621,406110162088.054,400114306337.077,404651706117.557,424524722037.047
GDP (current US$),NY.GDP.MKTP.CD,Djibouti,DJI,3088851450.30694,3144136196.6228,3392796953.08939,3562814908.76149,3898447007.38798,4152145939.98458
GDP (current US$),NY.GDP.MKTP.CD,Dominica,DMA,644259259.259259,528944444.444444,562911111.111111,623062962.962963,659311111.111111,688881481.481481
GDP (current US$),NY.GDP.MKTP.CD,Dominican Republic,DOM,89146130744.723,78546672406.8291,94850719516.7127,113478087134.8,120456239153.739,124282245638.568
GDP (current US$),NY.GDP.MKTP.CD,Ecuador,ECU,107595830000,95865473000,107179074000,116133121000,121147057000,124676074700
GDP (current US$),NY.GDP.MKTP.CD,"Egypt, Arab Rep.",EGY,318678815489.749,383817841547.099,424671765455.704,476747720364.742,395926075163.006,389059911003.566
GDP (current US$),NY.GDP.MKTP.CD,El Salvador,SLV,26881140000,24921190000,29043140000,31870120000,33853940000,35364960000
GDP (current US$),NY.GDP.MKTP.CD,Equatorial Guinea,GNQ,11364133549.7478,9893816007.7398,12215878032.7166,13687643435.6249,12337550583.754,12765777677.0622
GDP (current US$),NY.GDP.MKTP.CD,Eritrea,ERI,..,..,..,..,..,..
GDP (current US$),NY.GDP.MKTP.CD,Estonia,EST,31873748770.0313,31820771493.8974,37201101170.5847,38226641740.29,41470344395.1086,43130419829.35
GDP (current US$),NY.GDP.MKTP.CD,Eswatini,SWZ,4617018958.69086,4134677809.50096,4807069277.20114,4746660273.50829,4621191261.84214,4858885840.77236
GDP (current US$),NY.GDP.MKTP.CD,Ethiopia,ETH,91834517112.628,98676811061.4035,109070960371.859,123140304666,135874093202.492,149740297952.986
GDP (current US$),NY.GDP.MKTP.CD,Faroe Islands,FRO,3266432734.22819,3271813311.5831,3699551717.10561,3615241800.50058,3943131022.2291,4052937169.76536
GDP (current US$),NY.GDP.MKTP.CD,Fiji,FJI,5344907153.46698,4227719873.3865,4158873156.17978,4977861885.60316,5476673518.13788,5968125909.27126
GDP (current US$),NY.GDP.MKTP.CD,Finland,FIN,267014821129.411,270000311606.226,294223210496.119,280253099309.34,295021982462.75,298696961297.656
GDP (current US$),NY.GDP.MKTP.CD,France,FRA,2722793515171.76,2647926055110.05,2966433692008.09,2794788137066.94,3056250648138.29,3160442622465.08
GDP (current US$),NY.GDP.MKTP.CD,French Polynesia,PYF,6022276196.13871,5574821989.38239,5994931236.42282,5622688338.06317,6137447782.87066,6323716355.05009
GDP (current US$),NY.GDP.MKTP.CD,Gabon,GAB,16874405465.391,15342236163.9864,19444935097.2395,20440655695.1804,19388372070.9778,20895684425.6752
GDP (current US$),NY.GDP.MKTP.CD,"Gambia, The",GMB,1813609692.49994,1812170891.19069,2014158842.14596,2204734527.88096,2382262184.68273,2404888749.21907
GDP (current US$),NY.GDP.MKTP.CD,Georgia,GEO,17638337116.9126,16010869215.68,18853115588.8106,24984568959.605,30777833600.6515,34189423544.9955
GDP (current US$),NY.GDP.MKTP.CD,Germany,DEU,3959894794039.21,3941398957073.94,4355251953410.78,4201021706478.62,4562207532490.28,4685592577804.69
GDP (current US$),NY.GDP.MKTP.CD,Ghana,GHA,68352629246.1555,70008243859.8666,79514204730.3979,73919003209.9866,80547146878.3843,82308110386.4641
GDP (current US$),NY.GDP.MKTP.CD,Gibraltar,GIB,..,..,..,..,..,..
GDP (current US$),NY.GDP.MKTP.CD,Greece,GRC,207305649887.019,191362985554.861,218303801895.326,217990189600.69,242946187738.269,256238371778.118
GDP (current US$),NY.GDP.MKTP.CD,Greenland,GRL,2997309971.87623,3089625554.40473,3293578467.57327,3152334771.77992,3326543974.39193,..
GDP (current US$),NY.GDP.MKTP.CD,Grenada,GRD,1213485185.18519,1043411111.11111,1122222222.22222,1224007407.40741,1336418518.51852,1371918518.51852
GDP (current US$),NY.GDP.MKTP.CD,Guam,GUM,6355000000,5916000000,6234000000,6910000000,..,..
GDP (current US$),NY.GDP.MKTP.CD,Guatemala,GTM,77172331693.4093,77719468248.3666,86455522272.7383,95641446500.6523,104368755054.601,113199581158.203
GDP (current US$),NY.GDP.MKTP.CD,Guinea,GIN,13442861496.4454,14088693742.9464,17069115737.8259,19910452541.9219,22407615556.0571,25008678293.4084
GDP (current US$),NY.GDP.MKTP.CD,Guinea-Bissau,GNB,1596227316.34846,1705057581.09946,1908094558.33981,1859601384.05928,2127688181.12014,2218393804.54798
GDP (current US$),NY.GDP.MKTP.CD,Guyana,GUY,5173760191.84652,5471256594.72422,8041362110.31175,14718388489.2086,16918503597.1223,24662709832.1343
GDP (current US$),NY.GDP.MKTP.CD,Haiti,HTI,15016090929.5125,14508222518.3018,20944387975.7051,20253551920.5516,19850585722.3241,25224154990.7946
GDP (current US$),NY.GDP.MKTP.CD,Honduras,HND,24882225741.8119,23352232483.755,28144331506.6149,31426041806.7985,34355805527.9795,37093565854.0437
GDP (current US$),NY.GDP.MKTP.CD,"Hong Kong SAR, China",HKG,363074545072.389,344943149590.058,368954169748.818,358679533984.718,381043026173.935,406863396487.342
GDP (current US$),NY.GDP.MKTP.CD,Hungary,HUN,164936682033.992,158468487754.196,183282685440.486,177002580544.155,213240316634.648,222722738925.641
GDP (current US$),NY.GDP.MKTP.CD,Iceland,ISL,24985687022.0452,22034665040.7901,26234872402.457,29166102877.2755,31677891896.7861,33255181468.9382
GDP (current US$),NY.GDP.MKTP.CD,India,IND,2835606256558.19,2674851578587.27,3167270623260.47,3346107287730.93,3638489096033.86,3909891533858.08
GDP (current US$),NY.GDP.MKTP.CD,Indonesia,IDN,1119099871350.2,1059054842698.48,1186509691086.73,1319101183380.15,1371169301563.62,1396300098190.97
GDP (current US$),NY.GDP.MKTP.CD,"Iran, Islamic Rep.",IRN,347988400957.999,280934329279.723,407350685583.335,422662261525.665,457510482317.483,475252089215.416
GDP (current US$),NY.GDP.MKTP.CD,Iraq,IRQ,233636097800.338,180898797516.874,209691945713.103,287372232137.931,268881051643.549,279641257615.385
GDP (current US$),NY.GDP.MKTP.CD,Ireland,IRL,407211793800.713,436009027818.948,530394123829.763,548341794599.09,567372737459.116,609157459747.205
GDP (current US$),NY.GDP.MKTP.CD,Isle of Man,IMN,7314967866.28289,6684225641.02564,7931193222.06405,7431257410.92713,..,..
GDP (current US$),NY.GDP.MKTP.CD,Israel,ISR,400645216358.857,410768352657.612,489851549972.347,525181008025.57,512184638998.974,540379921261.681
GDP (current US$),NY.GDP.MKTP.CD,Italy,ITA,2019606796583.53,1907481094079.23,2179207773596.09,2104067630319.46,2316727999333.18,2380825077243.59
GDP (current US$),NY.GDP.MKTP.CD,Jamaica,JAM,17026269262.5307,15000214216.2439,15963885376.3537,18813516805.214,21418804319.6395,22014397089.7689
GDP (current US$),NY.GDP.MKTP.CD,Japan,JPN,5117993853016.51,5054068005376.28,5039148168861.22,4262463317796.53,4213167237905.83,4027597523550.58
GDP (current US$),NY.GDP.MKTP.CD,Jordan,JOR,44503006338.0282,43700383098.5916,46296100140.8451,48764963380.2817,51088476338.0282,53352289577.4648
GDP (current US$),NY.GDP.MKTP.CD,Kazakhstan,KAZ,181667184854.501,171082365861.423,197112255360.612,225496328925.494,261840101059.923,291480274648.826
GDP (current US$),NY.GDP.MKTP.CD,Kenya,KEN,100378436207.371,100657505750.545,109703658904.994,114448978152.637,107500884685.013,120339557905.932
GDP (current US$),NY.GDP.MKTP.CD,Kiribati,KIR,216985388.322754,220898020.418627,285259881.131951,270040453.254018,288610747.738991,307862564.489711
GDP (current US$),NY.GDP.MKTP.CD,"Korea, Dem. People's Rep.",PRK,..,..,..,..,..,..
GDP (current US$),NY.GDP.MKTP.CD,"Korea, Rep.",KOR,1751045752054.63,1744070276373.34,1942313560965.9,1799363116866.52,1844800934391.54,1875388209406.8
GDP (current US$),NY.GDP.MKTP.CD,Kosovo,XKX,7899741278.75198,7717143395.54732,9413408574.4949,9354907646.29785,10468224574.7539,11197246322.588
GDP (current US$),NY.GDP.MKTP.CD,Kuwait,KWT,140856394860.529,111045470605.715,148350671489.144,183502046693.878,165384407116.233,160227273053.334
GDP (current US$),NY.GDP.MKTP.CD,Kyrgyz Republic,KGZ,9371275264.36735,8270468614.24051,9249133946.26531,12134931017.9465,15180842369.4894,17478259659.2625
GDP (current US$),NY.GDP.MKTP.CD,Lao PDR,LAO,18740561512.5555,18981805250.2424,18827148530.9347,15468785203.7532,15843155731.2552,16502933121.3379
GDP (current US$),NY.GDP.MKTP.CD,Latvia,LVA,33099503950.847,33379927434.6149,38183326784.9335,38003198508.9107,42779550936.838,43684254432.3609
GDP (current US$),NY.GDP.MKTP.CD,Lebanon,LBN,51605959131.2741,31712128253.7961,23131941556.7843,20992421948.8081,20078620356.9931,..
GDP (current US$),NY.GDP.MKTP.CD,Lesotho,LSO,2390702295.82777,2053699863.99625,2412130056.55851,2354980960.02697,2117962445.37471,2271759454.51107
GDP (current US$),NY.GDP.MKTP.CD,Liberia,LBR,3319596500,3176126300,3513049500,4001047000,4390000000,4779300900
GDP (current US$),NY.GDP.MKTP.CD,Libya,LBY,69254496471.6938,46854285440.642,35217995647.2862,43246297921.8499,44027664915.187,48487151215.345
GDP (current US$),NY.GDP.MKTP.CD,Liechtenstein,LIE,6436467007.11932,6405870210.32293,7912602342.18895,7426856242.7736,8239379403.22096,..
GDP (current US$),NY.GDP.MKTP.CD,Lithuania,LTU,55122066225.796,57412038533.2718,67037321008.9679,71033884499.7824,79789877416.1681,84869215513.3648
GDP (current US$),NY.GDP.MKTP.CD,Luxembourg,LUX,69872035113.6469,73670782100.3909,86386759695.1653,80801680397.0139,88788881539.3937,93279851863.4062
GDP (current US$),NY.GDP.MKTP.CD,"Macao SAR, China",MAC,55025172016.004,25280064167.7333,30633941629.3633,24929307447.3237,45626467279.891,49467258923.3244
GDP (current US$),NY.GDP.MKTP.CD,Madagascar,MDG,14104664678.5063,13051441203.9474,14354731964.3258,15325603272.6097,15869945477.8505,17420501490.1231
GDP (current US$),NY.GDP.MKTP.CD,Malawi,MWI,11051852712.6142,11769313597.8545,12378119199.0839,12429059928.102,13363669672.9405,11316411329.4619
GDP (current US$),NY.GDP.MKTP.CD,Malaysia,MYS,365177721021.516,337456163961.211,373784553029.978,407830525989.553,399949418752.657,422227005428.688
GDP (current US$),NY.GDP.MKTP.CD,Maldives,MDV,5726094799.37709,3712604583.36665,5252457369.55218,6177123352.26211,6621008703.95743,7061608267.25451
GDP (current US$),NY.GDP.MKTP.CD,Mali,MLI,20477421884.5414,20698560938.7775,22999245262.6719,22539987718.7642,24813860598.5307,26794747239.8805
GDP (current US$),NY.GDP.MKTP.CD,Malta,MLT,16337793530.7322,16404663226.4598,19739875611.4902,18928276162.4131,22610561526.1461,24971574502.4475
GDP (current US$),NY.GDP.MKTP.CD,Marshall Islands,MHL,232900000,241800000,261245544.433594,258723510.742188,263761322.021484,290108489.990234
GDP (current US$),NY.GDP.MKTP.CD,Mauritania,MRT,7894764885.82312,8260752385.23089,9222536364.01272,9557966698.25369,10726838461.3987,10908045686.8808
GDP (current US$),NY.GDP.MKTP.CD,Mauritius,MUS,14645235204.6176,11566111137.5568,11622048696.8129,12936444123.3037,14072212290.4596,14937861786.17
GDP (current US$),NY.GDP.MKTP.CD,Mexico,MEX,1304106203902.45,1121064767308.42,1316569466685.95,1466934724293.06,1798317581486.88,1856365616165.94
GDP (current US$),NY.GDP.MKTP.CD,"Micronesia, Fed. Sts.",FSM,394000000,372902700,391601900,415956900,441469400,471425099.488675
GDP (current US$),NY.GDP.MKTP.CD,Moldova,MDA,11736797054.6965,11530746234.4492,13691869264.0794,14525337523.7271,16711906746.2133,18200340853.6517
GDP (current US$),NY.GDP.MKTP.CD,Monaco,MCO,7383496254.23721,6730736282.78961,8623242743.29564,8800430486.17137,10003892565.2005,11125783372.4794
GDP (current US$),NY.GDP.MKTP.CD,Mongolia,MNG,14206359017.5143,13312981429.0891,15286441737.6686,17146471713.748,20325121393.9074,23794540024.5132
GDP (current US$),NY.GDP.MKTP.CD,Montenegro,MNE,5483476883.4658,4723571497.76347,5823715809.63286,6251215144.13471,7644389159.84471,8270016670.86774
GDP (current US$),NY.GDP.MKTP.CD,Morocco,MAR,128920266409.458,121353645057.144,142022058447.231,131245312804.483,146036093666.762,160610994054.734
GDP (current US$),NY.GDP.MKTP.CD,Mozambique,MOZ,15512759046.672,14235420174.1884,16168055475.4449,18883528581.3734,20921079532.6094,22745341305.0622
GDP (current US$),NY.GDP.MKTP.CD,Myanmar,MMR,75065106243.3578,79006113670.2831,66345291149.4433,62253049903.28,66757619000,74068349523.8095
GDP (current US$),NY.GDP.MKTP.CD,Namibia,NAM,12541928303.48,10583748541.5258,12402486183.6396,12569449123.3661,12408271449.2244,13372354511.716
GDP (current US$),NY.GDP.MKTP.CD,Nauru,NRU,125160115.547819,124685688.161094,175390280.69162,152373433.909474,151435609.578807,162588620.632234
GDP (current US$),NY.GDP.MKTP.CD,Nepal,NPL,34186180699.0255,33433659301.2466,36924841394.2605,41182939600.6209,41047772331.0994,42914268286.7109
GDP (current US$),NY.GDP.MKTP.CD,Netherlands,NLD,928903005576.469,932560861701.17,1054472123449.6,1046540797548.64,1135475867551,1214927698572.66
GDP (current US$),NY.GDP.MKTP.CD,New Caledonia,NCL,9475655324.59495,9454629467.91408,10071349663.8484,9623318718.31459,9769167530.35744,8548919387.12607
GDP (current US$),NY.GDP.MKTP.CD,New Zealand,NZL,213006341101.869,213029554653.687,253977931814.967,249509991440.438,255194972673.122,260172385097.616
GDP (current US$),NY.GDP.MKTP.CD,Nicaragua,NIC,12699023614.245,12726422432.4868,14209020361.8508,15634572502.2294,17805842283.8725,19693982967.5926
GDP (current US$),NY.GDP.MKTP.CD,Niger,NER,12889555561.2299,13744653103.058,14915002436.069,15433852712.2963,16698786977.59,19876128485.7857
GDP (current US$),NY.GDP.MKTP.CD,Nigeria,NGA,668219992691.462,598586817819.073,609147716972.859,646950257577.814,487387801880.597,252261880141.151
GDP (current US$),NY.GDP.MKTP.CD,North Macedonia,MKD,12606338448.547,12361036913.8409,14000283827.0154,13932436550.0883,15855131188.9092,16951682245.4202
GDP (current US$),NY.GDP.MKTP.CD,Northern Mariana Islands,MNP,1179000000,866000000,914000000,1096000000,..,..
GDP (current US$),NY.GDP.MKTP.CD,Norway,NOR,408742840909.091,367633418886.627,503367986030.268,596297651035.798,482949731776.587,483592648313.301
GDP (current US$),NY.GDP.MKTP.CD,Oman,OMN,88060858257.4772,75909492847.8544,87323797139.1417,109852795838.752,106174708036.51,107137198769.386
GDP (current US$),NY.GDP.MKTP.CD,Pakistan,PAK,320909472770.669,300425609817.981,348516647445.148,374890295666.694,336686348609.266,371570000121.266
GDP (current US$),NY.GDP.MKTP.CD,Palau,PLW,282041290.283203,261688507.080078,231343460.083008,243826812.744141,276733062.744141,..
GDP (current US$),NY.GDP.MKTP.CD,Panama,PAN,69778991192.5571,57059846521.5327,67396392506.2378,76479304470.9375,83812155244.3352,86523959131.7472
GDP (current US$),NY.GDP.MKTP.CD,Papua New Guinea,PNG,24750626029.8777,23848447849.6081,26109413521.3117,31653185952.609,30816367066.9594,31800428265.5246
GDP (current US$),NY.GDP.MKTP.CD,Paraguay,PRY,37925338329.156,35432178068.1756,39950899938.7474,41952910858.0846,43118053174.5461,44458118397.4445
GDP (current US$),NY.GDP.MKTP.CD,Peru,PER,228346006003.648,201409694755.934,226328766459.634,246065570308.155,266958720837.988,289221969062.941
GDP (current US$),NY.GDP.MKTP.CD,Philippines,PHL,376823402239.136,361751145451.597,394087359848.11,404353369604.631,437055627244.424,461617509782.355
GDP (current US$),NY.GDP.MKTP.CD,Poland,POL,602683770144.88,605914237903.742,689170230665.35,695607470875.276,812451193396.143,917767106146.761
GDP (current US$),NY.GDP.MKTP.CD,Portugal,PRT,240115970063.019,229618773422.577,256055879091.139,256898677175.024,292323800948.839,313271185085.102
GDP (current US$),NY.GDP.MKTP.CD,Puerto Rico (US),PRI,105126400000,103130900000,106426600000,113843700000,118478754280.882,126029527033.705
GDP (current US$),NY.GDP.MKTP.CD,Qatar,QAT,176371428571.429,144411538461.538,179732142857.143,235709340659.341,217308516483.516,219162637362.637
GDP (current US$),NY.GDP.MKTP.CD,Romania,ROU,250080428511.595,250625048303.578,285071280114.469,295319437556.988,347757995758.914,382564217988.866
GDP (current US$),NY.GDP.MKTP.CD,Russian Federation,RUS,1693115002708.32,1493075894362.14,1829186719575.1,2291612121334.64,2071505725030.58,2173835806671.66
GDP (current US$),NY.GDP.MKTP.CD,Rwanda,RWA,10349300276.7623,10174386856.6101,11078787090.1564,13316161002.3912,14331722703.4134,14251642235.0968
GDP (current US$),NY.GDP.MKTP.CD,Samoa,WSM,912950466.064906,868884902.953089,859724936.05765,889554711.842341,1044909500.02527,1175749785.65113
GDP (current US$),NY.GDP.MKTP.CD,San Marino,SMR,1616340692.28937,1541248248.80727,1855652786.18368,1829211863.9476,2027527227.831,..
GDP (current US$),NY.GDP.MKTP.CD,Sao Tome and Principe,STP,412976082.620705,471229484.607144,524402455.54816,540809499.189348,690456806.696406,822154621.088897
GDP (current US$),NY.GDP.MKTP.CD,Saudi Arabia,SAU,888890133333.333,767951200000,982661066666.667,1239075200000,1218584533333.33,1239804533333.33
GDP (current US$),NY.GDP.MKTP.CD,Senegal,SEN,23403995992.1354,24530513037.7518,27520784129.7508,27783332222.6759,30696331295.7826,32808056600.9436
GDP (current US$),NY.GDP.MKTP.CD,Serbia,SRB,53864693664.5568,55874017668.998,66159884072.5308,66809895701.2152,81343999280.0179,90097765959.1114
GDP (current US$),NY.GDP.MKTP.CD,Seychelles,SYC,1868690096.73454,1382551751.56908,1487173794.80528,2018346588.73752,2187379754.66167,2167239562.46013
GDP (current US$),NY.GDP.MKTP.CD,Sierra Leone,SLE,6523577594.29408,6688307703.1447,7166931485.49433,7121125277.52542,6415852766.73832,6971127235.3123
GDP (current US$),NY.GDP.MKTP.CD,Singapore,SGP,376161998830.048,349165858544.568,436591382250.464,509017841146.557,505439514078.019,547386645891.847
GDP (current US$),NY.GDP.MKTP.CD,Sint Maarten (Dutch part),SXM,1407880446.92737,1236428100.55866,1353071061.45251,1592564639.32961,1686525953.05006,1797836665.95136
GDP (current US$),NY.GDP.MKTP.CD,Slovak Republic,SVK,105843498304.094,107732602896.441,120511265913.343,115792972358.209,133578518423.544,140934076532.375
GDP (current US$),NY.GDP.MKTP.CD,Slovenia,SVN,53909922735.545,53384760135.1581,61540813361.8556,59899117741.0022,69255264238.3855,72972015197.3859
GDP (current US$),NY.GDP.MKTP.CD,Solomon Islands,SLB,1619150563.92084,1536143427.82958,1558312103.84225,1466670929.62333,1506124566.40404,1583964703.75061
GDP (current US$),NY.GDP.MKTP.CD,"Somalia, Fed. Rep.",SOM,8656000000,8628000000,9483000000,10203000000,10958000000,11967000000
GDP (current US$),NY.GDP.MKTP.CD,South Africa,ZAF,389330032224.269,337974655408.055,419986284375.368,407596043067.885,381440724491.232,401144998373.585
GDP (current US$),NY.GDP.MKTP.CD,South Sudan,SSD,..,..,..,..,..,..
GDP (current US$),NY.GDP.MKTP.CD,Spain,ESP,1403496387686.27,1289783836971.21,1461244901852.69,1448850658406.62,1619481980719.64,1725671652742.19
GDP (current US$),NY.GDP.MKTP.CD,Sri Lanka,LKA,88998706296.5783,84335574581.5072,88556698937.7033,74143020262.8076,83716142582.1945,98963185509.6499
GDP (current US$),NY.GDP.MKTP.CD,St. Kitts and Nevis,KNA,1107855555.55556,883922222.222222,858622222.222222,981429629.62963,1055651851.85185,1122388888.88889
GDP (current US$),NY.GDP.MKTP.CD,St. Lucia,LCA,2095344444.44444,1499274074.07407,1867185185.18518,2342714814.81481,2430166666.66667,2549062962.96296
GDP (current US$),NY.GDP.MKTP.CD,St. Martin (French part),MAF,652206037.103874,..,649206262.847519,..,..,..
GDP (current US$),NY.GDP.MKTP.CD,St. Vincent and the Grenadines,VCT,910481481.481481,864566666.666667,888677777.777778,989188888.888889,1072237037.03704,1157207407.40741
GDP (current US$),NY.GDP.MKTP.CD,Sudan,SDN,32338079165.2893,27034593750,34229513774.9936,51666875363.0963,39898289820.7951,49672435513.1126
GDP (current US$),NY.GDP.MKTP.CD,Suriname,SUR,4016040575.08796,2911807496.20227,3107923197.96954,3791603200.0259,3472693412.08497,4416775112.09627
GDP (current US$),NY.GDP.MKTP.CD,Sweden,SWE,530894124494.418,544265668451.678,631693331300.776,575071237640.921,578990915246.07,603715224265.798
GDP (current US$),NY.GDP.MKTP.CD,Switzerland,CHE,721369112726.724,741999406005.627,815309330986.719,828508926958.393,894424821645.205,936564198048.516
GDP (current US$),NY.GDP.MKTP.CD,Syrian Arab Republic,SYR,22583045060.0821,12047752036.091,14353205678.4991,23622827079.5047,..,..
GDP (current US$),NY.GDP.MKTP.CD,Tajikistan,TJK,8300813599.3084,8133963550.65742,8937805347.13963,10713525200.3998,12244169292.7998,14204575548.5536
GDP (current US$),NY.GDP.MKTP.CD,Tanzania,TZA,61026731925.9213,66068737786.0639,70655628147.8986,75749121842.9149,79030935627.0781,78844405385.2195
GDP (current US$),NY.GDP.MKTP.CD,Thailand,THA,543976691793.886,500461898480.246,506194668789.937,495644697587.661,515906283940.933,526517658841.684
GDP (current US$),NY.GDP.MKTP.CD,Timor-Leste,TLS,2032550389.41316,2162619240.86927,3625024341.27346,3208599889.00965,2079767170.22651,1865608515.41321
GDP (current US$),NY.GDP.MKTP.CD,Togo,TGO,6992654019.28876,7486031561.86885,8541668141.26198,8646453099.4124,9816236302.58515,10651180146.531
GDP (current US$),NY.GDP.MKTP.CD,Tonga,TON,506031238.979937,506571467.895978,519306352.78704,556514555.400882,591139749.44287,..
GDP (current US$),NY.GDP.MKTP.CD,Trinidad and Tobago,TTO,23477745791.6977,20888515184.2239,24222963262.7213,28341164301.126,25036993423.3664,25633544529.4849
GDP (current US$),NY.GDP.MKTP.CD,Tunisia,TUN,41905642418.825,42491780918.361,47073234359.1819,44929920092.7955,48205328303.3398,51332285656.5422
GDP (current US$),NY.GDP.MKTP.CD,Turkiye,TUR,775853144222.613,733628247119.077,839938668172.134,926097476913.818,1141242864657.45,1359123768774.12
GDP (current US$),NY.GDP.MKTP.CD,Turkmenistan,TKM,40810067974.509,41509903181.7231,40589905812.0364,42208726137.7192,45894538665.5538,51387209872.2994
GDP (current US$),NY.GDP.MKTP.CD,Turks and Caicos Islands,TCA,1371838000,918387000,1236459000,1434119000,1638653000,1745378000
GDP (current US$),NY.GDP.MKTP.CD,Tuvalu,TUV,54123198.5662913,51746594.3148543,60196405.7138393,59065982.0873657,62280311.5852172,..
GDP (current US$),NY.GDP.MKTP.CD,Uganda,UGA,35353061003.4359,37600368241.6657,40529788748.6737,45565333210.9108,48768955863.3175,53911907086.1525
GDP (current US$),NY.GDP.MKTP.CD,Ukraine,UKR,153883047509.577,156617722013.342,199765859570.935,161989520721.19,181221517868.744,190741262414.705
GDP (current US$),NY.GDP.MKTP.CD,United Arab Emirates,ARE,433926208304.969,357161878829.135,422441388699.796,511403403675.97,522622191967.325,552324846834.581
GDP (current US$),NY.GDP.MKTP.CD,United Kingdom,GBR,2875710080015.3,2724001478304.59,3194559188925.93,3181244350465.41,3420796653789.08,3686033044482.13
GDP (current US$),NY.GDP.MKTP.CD,United States,USA,21380976119000,21060473613000,23315080560000,25604848907611,27292170793214.4,28750956130731.2
GDP (current US$),NY.GDP.MKTP.CD,Uruguay,URY,62222313618.8454,53559359261.826,60739084240.8633,70594110920.0358,77991666837.7382,80961511073.5797
GDP (current US$),NY.GDP.MKTP.CD,Uzbekistan,UZB,67293639798.3996,66443265418.3086,77340060003.0347,90095926567.4359,102641879248.764,114965293466.611
GDP (current US$),NY.GDP.MKTP.CD,Vanuatu,VUT,936526267.622513,909421043.508407,950394006.532514,1055031360.57356,1115861055.72463,1117972034.22642
GDP (current US$),NY.GDP.MKTP.CD,"Venezuela, RB",VEN,73014084091.3,42838020721.1995,56614976854.5499,89013255584.7499,102376526555.948,119802963257.783
GDP (current US$),NY.GDP.MKTP.CD,Viet Nam,VNM,334365270496.667,346615738537.796,366474752771.009,413445230668.578,433857681378.291,476388230307.175
GDP (current US$),NY.GDP.MKTP.CD,Virgin Islands (U.S.),VIR,4121000000,4229000000,4507000000,4672000000,..,..
GDP (current US$),NY.GDP.MKTP.CD,West Bank and Gaza,PSE,17133500000,15531700000,18109000000,19165500000,17847900000,13711100000
GDP (current US$),NY.GDP.MKTP.CD,"Yemen, Rep.",YEM,..,..,..,..,..,..
GDP (current US$),NY.GDP.MKTP.CD,Zambia,ZMB,23308667781.2258,18137764930.651,22096416932.0089,29163782140.4858,27577956471.244,25303185342.2511
GDP (current US$),NY.GDP.MKTP.CD,Zimbabwe,ZWE,33357695635.1284,31980334561.3123,41287673690.0771,40757561708.7741,35871779680.6335,41539411516.4448
GDP (current US$),NY.GDP.MKTP.CD,Africa Eastern and Southern,AFE,1018714795912.35,938607563405.087,1114144799994.21,1228967879390.01,1179359054880.45,1242693542929.85
GDP (current US$),NY.GDP.MKTP.CD,Africa Western and Central,AFW,1026996211935.8,963784699293.976,1026651004045.79,1063649130876.99,938238370514.198,736384961061.523
GDP (current US$),NY.GDP.MKTP.CD,Arab World,ARB,2965285548936.01,2604104981819.8,3085141461685.6,3747416641077.46,3622495663981.78,3735881442514.35
GDP (current US$),NY.GDP.MKTP.CD,Caribbean small states,CSS,62185458482.7062,53320869430.7059,62687149265.4471,78506430710.7309,79534673452.944,90344593407.0487
GDP (current US$),NY.GDP.MKTP.CD,Central Europe and the Baltics,CEB,1684318282245.77,1678294256145.3,1926347717339,1954419184114.96,2273205742208.3,2462005273603.48
GDP (current US$),NY.GDP.MKTP.CD,Early-demographic dividend,EAR,11686574879191.1,10823343545638.3,12695008338487.8,14034689936337.3,14933453330998.3,15808304487948.1
GDP (current US$),NY.GDP.MKTP.CD,East Asia & Pacific,EAS,27427259967363.2,27578839610232.4,31675719814404.9,31266291368260.6,31417826880875,32017179839273
GDP (current US$),NY.GDP.MKTP.CD,East Asia & Pacific (excluding high income),EAP,17503274977303.3,17805166443182.2,21231425978691.4,21563881384135.8,21644412635340.6,22260810771875.1
GDP (current US$),NY.GDP.MKTP.CD,East Asia & Pacific (IDA & IBRD countries),TEA,17481715455963.4,17783207218899.1,21205187136185.7,21537214774462.6,21617676926854.5,22233362919728.4
GDP (current US$),NY.GDP.MKTP.CD,Euro area,EMU,13589774677631.3,13267554461613.6,14924551716260.4,14488160081806.7,15854782417877,16485444160371
GDP (current US$),NY.GDP.MKTP.CD,Europe & Central Asia,ECS,23067540030248.6,22322527185686.7,25572901699926.6,25798700454390.6,27732942821913.5,29291828957768.8
GDP (current US$),NY.GDP.MKTP.CD,Europe & Central Asia (excluding high income),ECA,1508679974755.36,1446077189727.52,1680958734568.53,1820242864725.1,2143244215113.25,2451180144505.47
GDP (current US$),NY.GDP.MKTP.CD,Europe & Central Asia (IDA & IBRD countries),TEC,4184533628660.37,3924139091384.84,4637763943320.14,5264484546456.79,5562782514647.52,6131674441421.64
GDP (current US$),NY.GDP.MKTP.CD,European Union,EUU,15809073096211.4,15504055464107.4,17495226733585.2,17023612496380.4,18659133072074.8,19497115588443.6
GDP (current US$),NY.GDP.MKTP.CD,Fragile and conflict affected situations,FCS,1811454247630.6,1610227321244.27,1740335947472.93,1918272363969.18,1778723185468.2,1652895518697.74
GDP (current US$),NY.GDP.MKTP.CD,Heavily indebted poor countries (HIPC),HPC,811372254522.343,816029422839.446,924417463438.7,1002501492801.3,1060316071770.29,1145111349262.57
GDP (current US$),NY.GDP.MKTP.CD,High income,HIC,57456170925405.3,55889737341875.4,62745314846357.3,65081334214971.5,68449582732271.4,71321142708251.1
GDP (current US$),NY.GDP.MKTP.CD,IBRD only,IBD,31377057597389.8,30204027280204.5,35879316080995.1,37943329554311.5,39248258733753.5,40930410371533.4
GDP (current US$),NY.GDP.MKTP.CD,IDA & IBRD total,IBT,34078219798939.1,32822847991827.3,38741335342414.8,41018485584725.7,42176516066439.1,43823204664493.9
GDP (current US$),NY.GDP.MKTP.CD,IDA blend,IDB,1354444605559.25,1258453633593.25,1369357769886.58,1456880573683.68,1272526278004.68,1117411942661.72
GDP (current US$),NY.GDP.MKTP.CD,IDA only,IDX,1346717595990.02,1360367078029.56,1492661491533.09,1618275456730.5,1655731054680.85,1775382350298.79
GDP (current US$),NY.GDP.MKTP.CD,IDA total,IDA,2701162201549.27,2618820711622.81,2862019261419.67,3075156030414.18,2928257332685.53,2892794292960.5
GDP (current US$),NY.GDP.MKTP.CD,Late-demographic dividend,LTE,23366567397285.6,22869539211355,27284231194748.9,28550398557203.3,28934446547714.4,29979152245112.6
GDP (current US$),NY.GDP.MKTP.CD,Latin America & Caribbean,LCN,5473432644126.84,4627348896643.87,5382862734265.64,6144995160894.64,6910660006084.82,7110323254687.35
GDP (current US$),NY.GDP.MKTP.CD,Latin America & Caribbean (excluding high income),LAC,4748616176252.64,3991303751042.44,4637976019252.06,5336050967302.51,6014673692976.05,6168787362595.33
GDP (current US$),NY.GDP.MKTP.CD,Latin America & the Caribbean (IDA & IBRD countries),TLA,5230554354083.41,4387909128654.57,5118940165028.38,5851879329574.93,6591336702938.76,6776899040059.78
GDP (current US$),NY.GDP.MKTP.CD,Least developed countries: UN classification,LDC,1169366192253.69,1179778077659.19,1303898952961.36,1474237106700.91,1459966948607.94,1536272727812.71
GDP (current US$),NY.GDP.MKTP.CD,Low & middle income,LMY,30863484502772.9,29882663470187.9,35235417682028,36965295357847.5,38059330027172.9,39397098753614.4
GDP (current US$),NY.GDP.MKTP.CD,Low income,LIC,352056761148.886,339434568554.002,375494019860.55,434268149844.662,434043376409.571,469282282632.522
GDP (current US$),NY.GDP.MKTP.CD,Lower middle income,LMC,6527442965633.65,6297797215276.78,7124669005626.3,7588963714927.97,7684634708973.7,7941312381464.47
GDP (current US$),NY.GDP.MKTP.CD,"Middle East, North Africa, Afghanistan & Pakistan",MEA,4019889117584.4,3587451756047.23,4310652927209.13,5030925398736.26,4905729965245.33,5094721946852.29
GDP (current US$),NY.GDP.MKTP.CD,"Middle East, North Africa, Afghanistan & Pakistan (excluding high income)",MNA,1834354275856.43,1667961526440.19,1939712222007.44,2160815136190.98,2094668147144.99,2203604227426.38
GDP (current US$),NY.GDP.MKTP.CD,"Middle East, North Africa, Afghanistan & Pakistan (IDA & IBRD)",TMN,1817220775856.43,1652429826440.19,1921603222007.44,2141649636190.98,2076820247144.99,2189893127426.38
GDP (current US$),NY.GDP.MKTP.CD,Middle income,MIC,30509054766961,29540859400642.8,34855974285498.8,36528767758177.8,37622349618946.3,38925709373017.7
GDP (current US$),NY.GDP.MKTP.CD,North America,NAC,23132124767672.5,22723045707000.2,25344749345423.2,27803134368745.3,29474089705278.7,31003826557365
GDP (current US$),NY.GDP.MKTP.CD,Not classified,INX,..,..,..,..,..,..
GDP (current US$),NY.GDP.MKTP.CD,OECD members,OED,54168727321922,52851603026620.4,59024824389525.6,60588200976081.3,64648892594414.4,67500141717526.3
GDP (current US$),NY.GDP.MKTP.CD,Other small states,OSS,158530142448.216,146157676838.952,172038213758.242,181859538439.061,196615944595.18,208127281931.64
GDP (current US$),NY.GDP.MKTP.CD,Pacific island small states,PSS,10624838178.1263,9323221713.12119,9453908127.9322,10350119919.8256,11224282183.2085,12124739862.5303
GDP (current US$),NY.GDP.MKTP.CD,Post-demographic dividend,PST,51107356012296.7,49979090891717.8,55667487544829.4,56953387691844.6,60342185357196.3,62787810951925.4
GDP (current US$),NY.GDP.MKTP.CD,Pre-demographic dividend,PRE,1634625884352.83,1494279104787.47,1633932588860.86,1860790512304.23,1680243373294.08,1510802883684.15
GDP (current US$),NY.GDP.MKTP.CD,Small states,SST,231340439109.049,208801767982.779,244179271151.622,270716089069.618,287374900231.333,310642066645.912
GDP (current US$),NY.GDP.MKTP.CD,South Asia,SAS,3318484576527.33,3172770463749.49,3717045071833.11,3930640287773.46,4210302249458.65,4512296631866.31
GDP (current US$),NY.GDP.MKTP.CD,South Asia (IDA & IBRD),TSA,3318484576527.33,3172770463749.49,3717045071833.11,3930640287773.46,4210302249458.65,4512296631866.31
GDP (current US$),NY.GDP.MKTP.CD,Sub-Saharan Africa,SSF,2045711007848.14,1902392262699.06,2140795804040,2292617010267,2117597425394.65,1979078503991.37
GDP (current US$),NY.GDP.MKTP.CD,Sub-Saharan Africa (excluding high income),SSA,1952007800638.78,1802332899886.09,2030237669873.33,2167458359012.26,1979535952437.49,1827170966475.93
GDP (current US$),NY.GDP.MKTP.CD,Sub-Saharan Africa (IDA & IBRD countries),TSS,2045711007848.14,1902392262699.06,2140795804040,2292617010267,2117597425394.64,1979078503991.37
GDP (current US$),NY.GDP.MKTP.CD,Upper middle income,UMC,23981611801327.3,23243062185366.1,27732726329893.6,28940725480186.1,29939274216922.3,30986054597959.2
GDP (current US$),NY.GDP.MKTP.CD,World,WLD,88483262418196.6,85912761035231.2,98140475264975.9,102251524725531,106741647821064,110982661180013
,,,,,,,,,
,,,,,,,,,
,,,,,,,,,
Data from database: World Development Indicators,,,,,,,,,
Last Updated: 01/28/2026,,,,,,,,,
